Publisher,Total_PnL_USD,Return_Percent,Total_Trades,Win_Rate_Percent,Final_Capital_USD,Run_ID
all,2759.045205593109,2.759045205593109,100,53.0,102759.04520559311,9c4dfb17-ea19-470c-8751-ec0dfc3ecce0
globenewswire_biotech,2104.985936007317,2.104985936007317,100,66.0,102104.98593600732,196633cb-635d-49a2-b228-1b73c402b95a
