Publisher,Total_PnL_USD,Return_Percent,Total_Trades,Win_Rate_Percent,Final_Capital_USD,Run_ID
globenewswire_biotech,26814.753012968038,26.81475301296804,50,100.0,126814.75301296804,bd198815-fb02-49eb-9ea2-ab29c15bad16
all,8820.963366389275,8.820963366389273,50,100.0,108820.96336638927,b8148240-78bd-4cd3-b9ac-ef03d2046654
