Publisher,Run_ID,Total_Trades,Win_Rate_Percent,Return_Percent,Total_PnL_USD,Final_Capital_USD,Max_Drawdown_Percent,Target_Hits,Stop_Hits,Profit_Factor,Avg_Win_USD,Avg_Loss_USD
globenewswire_biotech,8d7e144f,50,68.0,0.15084179694668273,150.841797,100150.84179694668,-0.024050399608619044,18,11,3.2385894294247235,6.418362264705883,-4.813037142857143
all,2ec35e15,50,50.0,0.12441230643742893,124.412308,100124.41230643743,-0.01622751287133115,17,12,2.8512904055310253,7.66461316,-3.733501166666666
