metric,value
Initial Capital,50000.0
Final Capital,50744.23963617324
Total P&L,744.239636173239
Return %,1.488479272346478
Total Trades,112.0
Win Rate %,48.214285714285715
Profit Factor,1.9199777857359723
Execution Rate %,74.66666666666667
